antibiotic,n_samples,n_resistant,n_susceptible,resistance_rate,auc,auc_ci95_low,auc_ci95_high,auc_se,auprc,f1,precision,sensitivity,specificity,accuracy,TP,FP,TN,FN
Amikacin,295,41,254,0.13898305084745763,0.9864605338966775,0.9614292057142203,1.0,0.012771085807376157,0.9307837847090503,0.8809523809523809,0.8604651162790697,0.9024390243902439,0.9763779527559056,0.9661016949152542,37,6,248,4
Cefepime,236,152,84,0.6440677966101694,0.9075031328320802,0.8708228895060007,0.9441833761581596,0.018714409860244637,0.9454779532433997,0.8766233766233766,0.8653846153846154,0.8881578947368421,0.75,0.8389830508474576,135,21,63,17
Piperacillin/Tazobactam,236,139,97,0.5889830508474576,0.9394793443595639,0.9095274305862844,0.9694312581328435,0.015281588659836493,0.9596009275891193,0.8680555555555556,0.8389261744966443,0.8992805755395683,0.7525773195876289,0.8389830508474576,125,24,73,14
