antibiotic,auc,auc_ci95_low,auc_ci95_high,auprc,f1,precision,sensitivity,specificity,accuracy,n_samples,resistance_rate
fosfomycin,0.000000,0.000000,0.000000,0.000000,0.000000,0.000000,0.000000,0.000000,0.000000,0,0.000000
cefepime,0.907503,0.870823,0.944183,0.945265,0.876623,0.865385,0.888158,0.750000,0.838983,236,0.644068
piperacillin/tazobactam,0.939479,0.909527,0.969431,0.959450,0.868056,0.838926,0.899281,0.752577,0.838983,236,0.588983
amikacin,0.986461,0.961429,1.000000,0.929966,0.880952,0.860465,0.902439,0.976378,0.966102,295,0.138983
